{
  "samples": 60,
  "dims": 12,
  "param_rmse": 0.21295571921494422,
  "rgb_mae": 0.08458305597305299,
  "rough_mae": 0.23592994213104249,
  "metal_mae": 0.17555359204610188,
  "per_dim_mae": {
    "primary.R": 0.07438157002131145,
    "primary.G": 0.08940087159474691,
    "primary.B": 0.08996672630310058,
    "primary.rough": 0.23592994213104249,
    "primary.metal": 0.17555359204610188,
    "pedestal.R": 0.2735559066136678,
    "pedestal.G": 0.2567576328913371,
    "pedestal.B": 0.3018175760904948,
    "key.I_scale": 0.15987130403518676,
    "fill.I_scale": 0.11997564236323038,
    "rim.I_scale": 0.10952311356862386,
    "env.scale": 0.0876808524131775
  },
  "model": "tools/inverse_c1/checkpoints/L2/best.pt",
  "data": "renders/inverse_c1_ladder_hq/L2/dataset",
  "level": "L2",
  "gates": {
    "rgb_ok": true,
    "rmse_ok": true
  }
}