{
  "samples": 36,
  "dims": 12,
  "param_rmse": 0.2237719640127602,
  "rgb_mae": 0.1563620589397572,
  "rough_mae": 0.21765025622314876,
  "metal_mae": 0.24333313604195914,
  "per_dim_mae": {
    "primary.R": 0.20637843012809753,
    "primary.G": 0.10462323824564616,
    "primary.B": 0.15808450844552782,
    "primary.rough": 0.21765025622314876,
    "primary.metal": 0.24333313604195914,
    "pedestal.R": 0.23978536658816868,
    "pedestal.G": 0.2561144365204705,
    "pedestal.B": 0.24255306190914577,
    "key.I_scale": 0.18759935432010227,
    "fill.I_scale": 0.12203364157014424,
    "rim.I_scale": 0.12520204815599653,
    "env.scale": 0.11272698806391822
  },
  "model": "tools/inverse_c1/checkpoints/L2/best.pt",
  "data": "renders/inverse_c1_ladder/L2/dataset",
  "level": "L2",
  "gates": {
    "rgb_ok": true,
    "rmse_ok": true
  }
}